Datetime,Load(MWh)
2020-06-01 00:00:00+00:00,141.06819199999995
2020-06-01 01:00:00+00:00,135.117859
2020-06-01 02:00:00+00:00,131.343049
2020-06-01 03:00:00+00:00,133.86987599999998
2020-06-01 04:00:00+00:00,152.02287300000003
2020-06-01 05:00:00+00:00,183.79879499999998
2020-06-01 06:00:00+00:00,203.332417
2020-06-01 07:00:00+00:00,210.86726100000004
2020-06-01 08:00:00+00:00,214.646377
2020-06-01 09:00:00+00:00,221.26903
2020-06-01 10:00:00+00:00,225.31669300000001
2020-06-01 11:00:00+00:00,217.732509
2020-06-01 12:00:00+00:00,214.094977
2020-06-01 13:00:00+00:00,212.44631099999998
2020-06-01 14:00:00+00:00,221.533056
2020-06-01 15:00:00+00:00,244.624593
2020-06-01 16:00:00+00:00,248.399302
2020-06-01 17:00:00+00:00,242.581252
2020-06-01 18:00:00+00:00,235.264784
2020-06-01 19:00:00+00:00,224.5981
2020-06-01 20:00:00+00:00,208.218904
2020-06-01 21:00:00+00:00,174.06160600000004
2020-06-01 22:00:00+00:00,148.436432
2020-06-01 23:00:00+00:00,134.923104
2020-06-02 00:00:00+00:00,129.423011
2020-06-02 01:00:00+00:00,123.433267
2020-06-02 02:00:00+00:00,121.066404
2020-06-02 03:00:00+00:00,125.884254
2020-06-02 04:00:00+00:00,147.608602
2020-06-02 05:00:00+00:00,181.207721
2020-06-02 06:00:00+00:00,200.485524
2020-06-02 07:00:00+00:00,207.865547
2020-06-02 08:00:00+00:00,212.500441
2020-06-02 09:00:00+00:00,221.262948
2020-06-02 10:00:00+00:00,225.537598
2020-06-02 11:00:00+00:00,219.012013
2020-06-02 12:00:00+00:00,215.853597
2020-06-02 13:00:00+00:00,215.430191
2020-06-02 14:00:00+00:00,227.10863100000003
2020-06-02 15:00:00+00:00,253.737447
2020-06-02 16:00:00+00:00,259.823372
2020-06-02 17:00:00+00:00,255.782406
2020-06-02 18:00:00+00:00,248.70432599999998
2020-06-02 19:00:00+00:00,235.663631
2020-06-02 20:00:00+00:00,218.165673
2020-06-02 21:00:00+00:00,187.837778
2020-06-02 22:00:00+00:00,164.097197
2020-06-02 23:00:00+00:00,150.473267
2020-06-03 00:00:00+00:00,145.98439800000003
2020-06-03 01:00:00+00:00,140.321824
2020-06-03 02:00:00+00:00,137.512258
2020-06-03 03:00:00+00:00,139.83292699999998
2020-06-03 04:00:00+00:00,156.686744
2020-06-03 05:00:00+00:00,187.24997600000003
2020-06-03 06:00:00+00:00,204.729222
2020-06-03 07:00:00+00:00,211.93376400000002
2020-06-03 08:00:00+00:00,216.35019600000004
2020-06-03 09:00:00+00:00,223.489156
2020-06-03 10:00:00+00:00,227.04234300000002
2020-06-03 11:00:00+00:00,220.25099100000003
2020-06-03 12:00:00+00:00,217.619488
2020-06-03 13:00:00+00:00,216.967027
2020-06-03 14:00:00+00:00,226.86861800000003
2020-06-03 15:00:00+00:00,251.48409900000001
2020-06-03 16:00:00+00:00,256.478721
2020-06-03 17:00:00+00:00,253.232577
2020-06-03 18:00:00+00:00,244.12934600000003
2020-06-03 19:00:00+00:00,232.02532000000002
2020-06-03 20:00:00+00:00,217.075571
2020-06-03 21:00:00+00:00,187.066093
2020-06-03 22:00:00+00:00,163.94581100000002
2020-06-03 23:00:00+00:00,148.15607699999995
2020-06-04 00:00:00+00:00,143.37429699999996
2020-06-04 01:00:00+00:00,136.981496
2020-06-04 02:00:00+00:00,132.811827
2020-06-04 03:00:00+00:00,135.147344
2020-06-04 04:00:00+00:00,153.58457199999995
2020-06-04 05:00:00+00:00,185.764525
2020-06-04 06:00:00+00:00,202.55007100000003
2020-06-04 07:00:00+00:00,209.03153100000003
2020-06-04 08:00:00+00:00,212.427834
2020-06-04 09:00:00+00:00,220.27123799999998
2020-06-04 10:00:00+00:00,225.57408900000001
2020-06-04 11:00:00+00:00,219.69834100000003
2020-06-04 12:00:00+00:00,216.26342200000002
2020-06-04 13:00:00+00:00,217.18095
2020-06-04 14:00:00+00:00,227.970895
2020-06-04 15:00:00+00:00,252.34076800000003
2020-06-04 16:00:00+00:00,253.861659
2020-06-04 17:00:00+00:00,247.743308
2020-06-04 18:00:00+00:00,239.540385
2020-06-04 19:00:00+00:00,225.343367
2020-06-04 20:00:00+00:00,209.557449
2020-06-04 21:00:00+00:00,180.200697
2020-06-04 22:00:00+00:00,154.560765
2020-06-04 23:00:00+00:00,140.939018
2020-06-05 00:00:00+00:00,135.471025
2020-06-05 01:00:00+00:00,129.52415200000002
2020-06-05 02:00:00+00:00,124.979082
2020-06-05 03:00:00+00:00,128.197867
2020-06-05 04:00:00+00:00,148.45029
2020-06-05 05:00:00+00:00,181.143645
2020-06-05 06:00:00+00:00,202.595849
2020-06-05 07:00:00+00:00,211.98591600000003
2020-06-05 08:00:00+00:00,216.040434
2020-06-05 09:00:00+00:00,222.475727
2020-06-05 10:00:00+00:00,226.434065
2020-06-05 11:00:00+00:00,221.014401
2020-06-05 12:00:00+00:00,218.279654
2020-06-05 13:00:00+00:00,217.792775
2020-06-05 14:00:00+00:00,227.092594
2020-06-05 15:00:00+00:00,248.579628
2020-06-05 16:00:00+00:00,255.19310499999997
2020-06-05 17:00:00+00:00,249.961401
2020-06-05 18:00:00+00:00,239.567671
2020-06-05 19:00:00+00:00,227.32145400000002
2020-06-05 20:00:00+00:00,210.146534
2020-06-05 21:00:00+00:00,184.795448
2020-06-05 22:00:00+00:00,162.56454399999996
2020-06-05 23:00:00+00:00,146.726494
2020-06-06 00:00:00+00:00,138.19161
2020-06-06 01:00:00+00:00,131.644841
2020-06-06 02:00:00+00:00,123.94551200000001
2020-06-06 03:00:00+00:00,123.695609
2020-06-06 04:00:00+00:00,128.29091
2020-06-06 05:00:00+00:00,144.13483100000005
2020-06-06 06:00:00+00:00,172.573305
2020-06-06 07:00:00+00:00,198.146639
2020-06-06 08:00:00+00:00,217.805942
2020-06-06 09:00:00+00:00,232.205181
2020-06-06 10:00:00+00:00,239.03501200000002
2020-06-06 11:00:00+00:00,249.42442599999998
2020-06-06 12:00:00+00:00,247.908011
2020-06-06 13:00:00+00:00,243.53413999999998
2020-06-06 14:00:00+00:00,246.097396
2020-06-06 15:00:00+00:00,266.154447
2020-06-06 16:00:00+00:00,272.676384
2020-06-06 17:00:00+00:00,262.230527
2020-06-06 18:00:00+00:00,245.337268
2020-06-06 19:00:00+00:00,230.113952
2020-06-06 20:00:00+00:00,219.06496800000002
2020-06-06 21:00:00+00:00,195.602622
2020-06-06 22:00:00+00:00,173.293157
2020-06-06 23:00:00+00:00,160.08879199999996
2020-06-07 00:00:00+00:00,153.10170399999996
2020-06-07 01:00:00+00:00,143.552543
2020-06-07 02:00:00+00:00,137.98219199999997
2020-06-07 03:00:00+00:00,136.15809199999998
2020-06-07 04:00:00+00:00,136.374538
2020-06-07 05:00:00+00:00,147.96142700000001
2020-06-07 06:00:00+00:00,173.531307
2020-06-07 07:00:00+00:00,199.807254
2020-06-07 08:00:00+00:00,217.748543
2020-06-07 09:00:00+00:00,228.188496
2020-06-07 10:00:00+00:00,228.542317
2020-06-07 11:00:00+00:00,223.109219
2020-06-07 12:00:00+00:00,219.43514800000003
2020-06-07 13:00:00+00:00,218.247875
2020-06-07 14:00:00+00:00,225.218684
2020-06-07 15:00:00+00:00,249.388852
2020-06-07 16:00:00+00:00,263.18950800000005
2020-06-07 17:00:00+00:00,261.95937200000003
2020-06-07 18:00:00+00:00,253.125161
2020-06-07 19:00:00+00:00,237.236965
2020-06-07 20:00:00+00:00,217.470143
2020-06-07 21:00:00+00:00,186.940013
2020-06-07 22:00:00+00:00,160.86911899999998
2020-06-07 23:00:00+00:00,147.276503
2020-06-08 00:00:00+00:00,142.56069699999995
2020-06-08 01:00:00+00:00,136.21766699999998
2020-06-08 02:00:00+00:00,131.124866
2020-06-08 03:00:00+00:00,134.53121299999998
2020-06-08 04:00:00+00:00,155.447846
2020-06-08 05:00:00+00:00,189.796365
2020-06-08 06:00:00+00:00,208.612187
2020-06-08 07:00:00+00:00,215.000593
2020-06-08 08:00:00+00:00,217.938784
2020-06-08 09:00:00+00:00,226.59866200000002
2020-06-08 10:00:00+00:00,233.678511
2020-06-08 11:00:00+00:00,228.43188999999998
2020-06-08 12:00:00+00:00,227.228968
2020-06-08 13:00:00+00:00,226.36378
2020-06-08 14:00:00+00:00,236.204176
2020-06-08 15:00:00+00:00,260.399738
2020-06-08 16:00:00+00:00,266.175284
2020-06-08 17:00:00+00:00,259.603103
2020-06-08 18:00:00+00:00,249.44093999999998
2020-06-08 19:00:00+00:00,234.345967
2020-06-08 20:00:00+00:00,216.9424
2020-06-08 21:00:00+00:00,187.470777
2020-06-08 22:00:00+00:00,163.462642
2020-06-08 23:00:00+00:00,150.100645
2020-06-09 00:00:00+00:00,145.20011399999999
2020-06-09 01:00:00+00:00,138.607621
2020-06-09 02:00:00+00:00,136.029484
2020-06-09 03:00:00+00:00,137.83644400000003
2020-06-09 04:00:00+00:00,155.646729
2020-06-09 05:00:00+00:00,186.555084
2020-06-09 06:00:00+00:00,206.988733
2020-06-09 07:00:00+00:00,212.3812
2020-06-09 08:00:00+00:00,216.068994
2020-06-09 09:00:00+00:00,224.77994700000002
2020-06-09 10:00:00+00:00,230.932454
2020-06-09 11:00:00+00:00,224.249768
2020-06-09 12:00:00+00:00,221.744713
2020-06-09 13:00:00+00:00,219.962315
2020-06-09 14:00:00+00:00,226.66682100000003
2020-06-09 15:00:00+00:00,245.531641
2020-06-09 16:00:00+00:00,248.86848500000002
2020-06-09 17:00:00+00:00,242.91903900000003
2020-06-09 18:00:00+00:00,235.945622
2020-06-09 19:00:00+00:00,225.174633
2020-06-09 20:00:00+00:00,210.785854
2020-06-09 21:00:00+00:00,182.247583
2020-06-09 22:00:00+00:00,158.026282
2020-06-09 23:00:00+00:00,145.028535
2020-06-10 00:00:00+00:00,139.58919500000002
2020-06-10 01:00:00+00:00,133.05021100000002
2020-06-10 02:00:00+00:00,130.336859
2020-06-10 03:00:00+00:00,133.58098600000002
2020-06-10 04:00:00+00:00,150.81591
2020-06-10 05:00:00+00:00,181.299963
2020-06-10 06:00:00+00:00,202.741793
2020-06-10 07:00:00+00:00,213.909765
2020-06-10 08:00:00+00:00,216.05255800000003
2020-06-10 09:00:00+00:00,225.39827999999997
2020-06-10 10:00:00+00:00,229.32545299999998
2020-06-10 11:00:00+00:00,221.72745299999997
2020-06-10 12:00:00+00:00,217.546727
2020-06-10 13:00:00+00:00,214.878009
2020-06-10 14:00:00+00:00,222.61411
2020-06-10 15:00:00+00:00,242.6869
2020-06-10 16:00:00+00:00,245.364138
2020-06-10 17:00:00+00:00,241.08054900000002
2020-06-10 18:00:00+00:00,234.480334
2020-06-10 19:00:00+00:00,222.692331
2020-06-10 20:00:00+00:00,208.00025
2020-06-10 21:00:00+00:00,180.919749
2020-06-10 22:00:00+00:00,156.81255599999997
2020-06-10 23:00:00+00:00,143.039016
2020-06-11 00:00:00+00:00,137.33191000000002
2020-06-11 01:00:00+00:00,129.48792699999998
2020-06-11 02:00:00+00:00,127.266342
2020-06-11 03:00:00+00:00,130.41619
2020-06-11 04:00:00+00:00,148.118135
2020-06-11 05:00:00+00:00,178.10418
2020-06-11 06:00:00+00:00,200.037969
2020-06-11 07:00:00+00:00,207.28241200000002
2020-06-11 08:00:00+00:00,215.667146
2020-06-11 09:00:00+00:00,224.391707
2020-06-11 10:00:00+00:00,228.887788
2020-06-11 11:00:00+00:00,221.02717400000003
2020-06-11 12:00:00+00:00,217.003985
2020-06-11 13:00:00+00:00,214.505492
2020-06-11 14:00:00+00:00,222.150636
2020-06-11 15:00:00+00:00,241.570019
2020-06-11 16:00:00+00:00,244.29818500000002
2020-06-11 17:00:00+00:00,240.97957999999997
2020-06-11 18:00:00+00:00,234.19514300000003
2020-06-11 19:00:00+00:00,221.05976299999998
2020-06-11 20:00:00+00:00,205.67422600000003
2020-06-11 21:00:00+00:00,179.00091
2020-06-11 22:00:00+00:00,153.685687
2020-06-11 23:00:00+00:00,139.37063
2020-06-12 00:00:00+00:00,132.770051
2020-06-12 01:00:00+00:00,124.87920600000001
2020-06-12 02:00:00+00:00,122.670272
2020-06-12 03:00:00+00:00,126.658787
2020-06-12 04:00:00+00:00,143.83753099999996
2020-06-12 05:00:00+00:00,173.76789300000004
2020-06-12 06:00:00+00:00,197.915991
2020-06-12 07:00:00+00:00,208.971305
2020-06-12 08:00:00+00:00,215.323759
2020-06-12 09:00:00+00:00,223.795909
2020-06-12 10:00:00+00:00,227.489496
2020-06-12 11:00:00+00:00,220.63594799999998
2020-06-12 12:00:00+00:00,215.946802
2020-06-12 13:00:00+00:00,212.45431800000003
2020-06-12 14:00:00+00:00,217.33039
2020-06-12 15:00:00+00:00,230.458669
2020-06-12 16:00:00+00:00,230.666609
2020-06-12 17:00:00+00:00,223.178727
2020-06-12 18:00:00+00:00,214.901659
2020-06-12 19:00:00+00:00,205.03075600000003
2020-06-12 20:00:00+00:00,196.465056
2020-06-12 21:00:00+00:00,179.55392
2020-06-12 22:00:00+00:00,158.99041699999995
2020-06-12 23:00:00+00:00,143.505589
2020-06-13 00:00:00+00:00,135.31911599999998
2020-06-13 01:00:00+00:00,125.668188
2020-06-13 02:00:00+00:00,121.686599
2020-06-13 03:00:00+00:00,120.631236
2020-06-13 04:00:00+00:00,124.11341599999999
2020-06-13 05:00:00+00:00,139.48968200000002
2020-06-13 06:00:00+00:00,166.166326
2020-06-13 07:00:00+00:00,190.056622
2020-06-13 08:00:00+00:00,205.54197
2020-06-13 09:00:00+00:00,215.146548
2020-06-13 10:00:00+00:00,214.298527
2020-06-13 11:00:00+00:00,207.708357
2020-06-13 12:00:00+00:00,200.587622
2020-06-13 13:00:00+00:00,196.086754
2020-06-13 14:00:00+00:00,198.552693
2020-06-13 15:00:00+00:00,212.388255
2020-06-13 16:00:00+00:00,219.359312
2020-06-13 17:00:00+00:00,216.331609
2020-06-13 18:00:00+00:00,209.084732
2020-06-13 19:00:00+00:00,200.64702800000003
2020-06-13 20:00:00+00:00,194.24866799999998
2020-06-13 21:00:00+00:00,178.714427
2020-06-13 22:00:00+00:00,158.421623
2020-06-13 23:00:00+00:00,143.26523500000002
2020-06-14 00:00:00+00:00,134.86548200000001
2020-06-14 01:00:00+00:00,124.734466
2020-06-14 02:00:00+00:00,120.578395
2020-06-14 03:00:00+00:00,119.21516299999999
2020-06-14 04:00:00+00:00,121.483171
2020-06-14 05:00:00+00:00,133.65341800000002
2020-06-14 06:00:00+00:00,157.41858800000003
2020-06-14 07:00:00+00:00,180.926223
2020-06-14 08:00:00+00:00,198.231759
2020-06-14 09:00:00+00:00,209.909322
2020-06-14 10:00:00+00:00,210.893241
2020-06-14 11:00:00+00:00,205.92406499999998
2020-06-14 12:00:00+00:00,200.161108
2020-06-14 13:00:00+00:00,197.168906
2020-06-14 14:00:00+00:00,204.362819
2020-06-14 15:00:00+00:00,225.448466
2020-06-14 16:00:00+00:00,237.581374
2020-06-14 17:00:00+00:00,236.995099
2020-06-14 18:00:00+00:00,232.21591400000003
2020-06-14 19:00:00+00:00,219.626134
2020-06-14 20:00:00+00:00,203.433235
2020-06-14 21:00:00+00:00,177.769205
2020-06-14 22:00:00+00:00,153.17763200000002
2020-06-14 23:00:00+00:00,139.74838699999998
2020-06-15 00:00:00+00:00,134.235402
2020-06-15 01:00:00+00:00,126.013322
2020-06-15 02:00:00+00:00,123.79858700000001
2020-06-15 03:00:00+00:00,126.834709
2020-06-15 04:00:00+00:00,142.850751
2020-06-15 05:00:00+00:00,170.876112
2020-06-15 06:00:00+00:00,193.126567
2020-06-15 07:00:00+00:00,202.309333
2020-06-15 08:00:00+00:00,209.409711
2020-06-15 09:00:00+00:00,218.791337
2020-06-15 10:00:00+00:00,224.85096299999998
2020-06-15 11:00:00+00:00,218.86577400000002
2020-06-15 12:00:00+00:00,215.52325600000003
2020-06-15 13:00:00+00:00,216.34512300000003
2020-06-15 14:00:00+00:00,224.569285
2020-06-15 15:00:00+00:00,248.152594
2020-06-15 16:00:00+00:00,252.03684600000003
2020-06-15 17:00:00+00:00,244.78627200000003
2020-06-15 18:00:00+00:00,237.86908599999998
2020-06-15 19:00:00+00:00,220.158617
2020-06-15 20:00:00+00:00,201.276683
2020-06-15 21:00:00+00:00,173.370223
2020-06-15 22:00:00+00:00,147.74015300000005
2020-06-15 23:00:00+00:00,132.780175
2020-06-16 00:00:00+00:00,125.91346100000001
2020-06-16 01:00:00+00:00,119.32696200000001
2020-06-16 02:00:00+00:00,114.773128
2020-06-16 03:00:00+00:00,119.73308600000001
2020-06-16 04:00:00+00:00,140.431814
2020-06-16 05:00:00+00:00,173.59862300000003
2020-06-16 06:00:00+00:00,199.188408
2020-06-16 07:00:00+00:00,210.355809
2020-06-16 08:00:00+00:00,220.288269
2020-06-16 09:00:00+00:00,235.78374
2020-06-16 10:00:00+00:00,254.90846000000002
2020-06-16 11:00:00+00:00,253.63277999999997
2020-06-16 12:00:00+00:00,246.424875
2020-06-16 13:00:00+00:00,241.546675
2020-06-16 14:00:00+00:00,247.413879
2020-06-16 15:00:00+00:00,267.306319
2020-06-16 16:00:00+00:00,268.071687
2020-06-16 17:00:00+00:00,257.301542
2020-06-16 18:00:00+00:00,245.598256
2020-06-16 19:00:00+00:00,231.53895099999997
2020-06-16 20:00:00+00:00,212.62118900000002
2020-06-16 21:00:00+00:00,183.232412
2020-06-16 22:00:00+00:00,155.630873
2020-06-16 23:00:00+00:00,140.370818
2020-06-17 00:00:00+00:00,133.072449
2020-06-17 01:00:00+00:00,126.694057
2020-06-17 02:00:00+00:00,122.716346
2020-06-17 03:00:00+00:00,127.2508
2020-06-17 04:00:00+00:00,146.89598700000002
2020-06-17 05:00:00+00:00,179.166139
2020-06-17 06:00:00+00:00,203.241781
2020-06-17 07:00:00+00:00,215.827152
2020-06-17 08:00:00+00:00,222.71532200000001
2020-06-17 09:00:00+00:00,234.410195
2020-06-17 10:00:00+00:00,244.41577999999998
2020-06-17 11:00:00+00:00,238.953875
2020-06-17 12:00:00+00:00,232.840399
2020-06-17 13:00:00+00:00,227.74945400000001
2020-06-17 14:00:00+00:00,232.26153
2020-06-17 15:00:00+00:00,249.690463
2020-06-17 16:00:00+00:00,251.74471699999998
2020-06-17 17:00:00+00:00,244.99351100000004
2020-06-17 18:00:00+00:00,235.618452
2020-06-17 19:00:00+00:00,223.257296
2020-06-17 20:00:00+00:00,207.486614
2020-06-17 21:00:00+00:00,180.572486
2020-06-17 22:00:00+00:00,156.873648
2020-06-17 23:00:00+00:00,143.42225299999996
2020-06-18 00:00:00+00:00,136.524886
2020-06-18 01:00:00+00:00,127.65026
2020-06-18 02:00:00+00:00,125.049656
2020-06-18 03:00:00+00:00,128.758094
2020-06-18 04:00:00+00:00,143.33121599999996
2020-06-18 05:00:00+00:00,170.92882100000003
2020-06-18 06:00:00+00:00,195.077158
2020-06-18 07:00:00+00:00,207.26436
2020-06-18 08:00:00+00:00,212.13897400000002
2020-06-18 09:00:00+00:00,220.252827
2020-06-18 10:00:00+00:00,224.053007
2020-06-18 11:00:00+00:00,219.207839
2020-06-18 12:00:00+00:00,214.554903
2020-06-18 13:00:00+00:00,209.40848799999998
2020-06-18 14:00:00+00:00,213.09294
2020-06-18 15:00:00+00:00,224.72457100000003
2020-06-18 16:00:00+00:00,225.12235
2020-06-18 17:00:00+00:00,221.098658
2020-06-18 18:00:00+00:00,213.98216600000003
2020-06-18 19:00:00+00:00,204.398717
2020-06-18 20:00:00+00:00,195.379872
2020-06-18 21:00:00+00:00,177.13501499999998
2020-06-18 22:00:00+00:00,155.513362
2020-06-18 23:00:00+00:00,139.973349
2020-06-19 00:00:00+00:00,131.349952
2020-06-19 01:00:00+00:00,122.474722
2020-06-19 02:00:00+00:00,118.006054
2020-06-19 03:00:00+00:00,118.44891000000001
2020-06-19 04:00:00+00:00,123.449116
2020-06-19 05:00:00+00:00,138.100771
2020-06-19 06:00:00+00:00,162.53753500000002
2020-06-19 07:00:00+00:00,183.63818500000002
2020-06-19 08:00:00+00:00,195.693792
2020-06-19 09:00:00+00:00,201.033893
2020-06-19 10:00:00+00:00,196.477015
2020-06-19 11:00:00+00:00,186.887158
2020-06-19 12:00:00+00:00,178.145755
2020-06-19 13:00:00+00:00,172.46442000000005
2020-06-19 14:00:00+00:00,171.79566699999995
2020-06-19 15:00:00+00:00,174.91856399999998
2020-06-19 16:00:00+00:00,176.11492199999995
2020-06-19 17:00:00+00:00,173.87367899999995
2020-06-19 18:00:00+00:00,170.24891100000005
2020-06-19 19:00:00+00:00,166.048112
2020-06-19 20:00:00+00:00,166.411134
2020-06-19 21:00:00+00:00,160.812521
2020-06-19 22:00:00+00:00,148.737212
2020-06-19 23:00:00+00:00,136.68825
2020-06-20 00:00:00+00:00,129.019327
2020-06-20 01:00:00+00:00,118.884733
2020-06-20 02:00:00+00:00,114.440075
2020-06-20 03:00:00+00:00,113.22036399999999
2020-06-20 04:00:00+00:00,115.747541
2020-06-20 05:00:00+00:00,123.930834
2020-06-20 06:00:00+00:00,139.49276999999998
2020-06-20 07:00:00+00:00,157.11220699999996
2020-06-20 08:00:00+00:00,173.04829100000003
2020-06-20 09:00:00+00:00,182.263277
2020-06-20 10:00:00+00:00,185.91366600000003
2020-06-20 11:00:00+00:00,183.021631
2020-06-20 12:00:00+00:00,180.41601100000003
2020-06-20 13:00:00+00:00,178.51434
2020-06-20 14:00:00+00:00,182.128581
2020-06-20 15:00:00+00:00,192.561715
2020-06-20 16:00:00+00:00,199.94527800000003
2020-06-20 17:00:00+00:00,198.526264
2020-06-20 18:00:00+00:00,193.949059
2020-06-20 19:00:00+00:00,185.566144
2020-06-20 20:00:00+00:00,178.41149800000005
2020-06-20 21:00:00+00:00,166.064399
2020-06-20 22:00:00+00:00,149.200884
2020-06-20 23:00:00+00:00,135.74608700000002
2020-06-21 00:00:00+00:00,128.53728700000002
2020-06-21 01:00:00+00:00,119.02041000000001
2020-06-21 02:00:00+00:00,115.41089300000002
2020-06-21 03:00:00+00:00,114.918775
2020-06-21 04:00:00+00:00,117.26762
2020-06-21 05:00:00+00:00,126.31139499999999
2020-06-21 06:00:00+00:00,144.01068300000003
2020-06-21 07:00:00+00:00,164.134545
2020-06-21 08:00:00+00:00,180.249365
2020-06-21 09:00:00+00:00,191.06698
2020-06-21 10:00:00+00:00,193.904699
2020-06-21 11:00:00+00:00,191.779139
2020-06-21 12:00:00+00:00,190.046132
2020-06-21 13:00:00+00:00,188.363999
2020-06-21 14:00:00+00:00,195.33397
2020-06-21 15:00:00+00:00,214.138869
2020-06-21 16:00:00+00:00,224.57556499999998
2020-06-21 17:00:00+00:00,225.203629
2020-06-21 18:00:00+00:00,220.940673
2020-06-21 19:00:00+00:00,209.488987
2020-06-21 20:00:00+00:00,195.801722
2020-06-21 21:00:00+00:00,174.27488600000004
2020-06-21 22:00:00+00:00,150.355659
2020-06-21 23:00:00+00:00,135.925575
2020-06-22 00:00:00+00:00,129.844683
2020-06-22 01:00:00+00:00,122.07654800000002
2020-06-22 02:00:00+00:00,119.644244
2020-06-22 03:00:00+00:00,122.51558500000002
2020-06-22 04:00:00+00:00,137.201064
2020-06-22 05:00:00+00:00,162.697605
2020-06-22 06:00:00+00:00,185.42101
2020-06-22 07:00:00+00:00,197.65026799999998
2020-06-22 08:00:00+00:00,206.310141
2020-06-22 09:00:00+00:00,214.94507
2020-06-22 10:00:00+00:00,221.29185
2020-06-22 11:00:00+00:00,216.088637
2020-06-22 12:00:00+00:00,212.614759
2020-06-22 13:00:00+00:00,210.389257
2020-06-22 14:00:00+00:00,216.58473700000002
2020-06-22 15:00:00+00:00,236.2261
2020-06-22 16:00:00+00:00,240.17970099999997
2020-06-22 17:00:00+00:00,237.195777
2020-06-22 18:00:00+00:00,229.334209
2020-06-22 19:00:00+00:00,214.658392
2020-06-22 20:00:00+00:00,199.251003
2020-06-22 21:00:00+00:00,174.631493
2020-06-22 22:00:00+00:00,149.63345199999995
2020-06-22 23:00:00+00:00,135.20632999999998
2020-06-23 00:00:00+00:00,128.730329
2020-06-23 01:00:00+00:00,119.45912400000002
2020-06-23 02:00:00+00:00,116.89644799999999
2020-06-23 03:00:00+00:00,120.669766
2020-06-23 04:00:00+00:00,136.67410900000002
2020-06-23 05:00:00+00:00,164.068915
2020-06-23 06:00:00+00:00,186.958657
2020-06-23 07:00:00+00:00,198.83749
2020-06-23 08:00:00+00:00,206.232999
2020-06-23 09:00:00+00:00,215.190691
2020-06-23 10:00:00+00:00,220.029019
2020-06-23 11:00:00+00:00,215.285705
2020-06-23 12:00:00+00:00,211.852692
2020-06-23 13:00:00+00:00,209.849602
2020-06-23 14:00:00+00:00,215.53957599999998
2020-06-23 15:00:00+00:00,232.07092200000002
2020-06-23 16:00:00+00:00,233.90099700000002
2020-06-23 17:00:00+00:00,229.522763
2020-06-23 18:00:00+00:00,223.903118
2020-06-23 19:00:00+00:00,213.33514100000002
2020-06-23 20:00:00+00:00,201.094877
2020-06-23 21:00:00+00:00,177.14465300000003
2020-06-23 22:00:00+00:00,151.53969199999997
2020-06-23 23:00:00+00:00,135.648551
2020-06-24 00:00:00+00:00,128.507734
2020-06-24 01:00:00+00:00,120.083264
2020-06-24 02:00:00+00:00,116.708267
2020-06-24 03:00:00+00:00,121.164809
2020-06-24 04:00:00+00:00,137.41654
2020-06-24 05:00:00+00:00,164.59024100000005
2020-06-24 06:00:00+00:00,187.409369
2020-06-24 07:00:00+00:00,199.61900100000003
2020-06-24 08:00:00+00:00,208.88244100000003
2020-06-24 09:00:00+00:00,215.980435
2020-06-24 10:00:00+00:00,220.795254
2020-06-24 11:00:00+00:00,215.979971
2020-06-24 12:00:00+00:00,212.875024
2020-06-24 13:00:00+00:00,211.29578999999998
2020-06-24 14:00:00+00:00,217.084802
2020-06-24 15:00:00+00:00,229.901933
2020-06-24 16:00:00+00:00,231.326964
2020-06-24 17:00:00+00:00,226.840145
2020-06-24 18:00:00+00:00,220.98920299999997
2020-06-24 19:00:00+00:00,210.998267
2020-06-24 20:00:00+00:00,199.96821200000002
2020-06-24 21:00:00+00:00,178.71487600000003
2020-06-24 22:00:00+00:00,153.92926
2020-06-24 23:00:00+00:00,137.99188800000002
2020-06-25 00:00:00+00:00,130.104549
2020-06-25 01:00:00+00:00,120.77771
2020-06-25 02:00:00+00:00,117.90837
2020-06-25 03:00:00+00:00,122.02246299999999
2020-06-25 04:00:00+00:00,137.87026
2020-06-25 05:00:00+00:00,164.68376999999995
2020-06-25 06:00:00+00:00,188.653979
2020-06-25 07:00:00+00:00,202.66888400000002
2020-06-25 08:00:00+00:00,209.97507400000003
2020-06-25 09:00:00+00:00,217.471245
2020-06-25 10:00:00+00:00,221.78196699999998
2020-06-25 11:00:00+00:00,217.828931
2020-06-25 12:00:00+00:00,214.79074500000002
2020-06-25 13:00:00+00:00,212.37449500000002
2020-06-25 14:00:00+00:00,216.996205
2020-06-25 15:00:00+00:00,228.04507900000002
2020-06-25 16:00:00+00:00,228.154304
2020-06-25 17:00:00+00:00,223.89387799999997
2020-06-25 18:00:00+00:00,218.651642
2020-06-25 19:00:00+00:00,209.34131600000003
2020-06-25 20:00:00+00:00,199.256326
2020-06-25 21:00:00+00:00,179.119598
2020-06-25 22:00:00+00:00,154.958136
2020-06-25 23:00:00+00:00,138.35734599999998
2020-06-26 00:00:00+00:00,130.551443
2020-06-26 01:00:00+00:00,121.68623899999999
2020-06-26 02:00:00+00:00,118.247616
2020-06-26 03:00:00+00:00,122.37312
2020-06-26 04:00:00+00:00,137.56569
2020-06-26 05:00:00+00:00,163.88763500000005
2020-06-26 06:00:00+00:00,187.571046
2020-06-26 07:00:00+00:00,201.809043
2020-06-26 08:00:00+00:00,209.973137
2020-06-26 09:00:00+00:00,215.79534700000002
2020-06-26 10:00:00+00:00,220.614577
2020-06-26 11:00:00+00:00,216.95816600000003
2020-06-26 12:00:00+00:00,213.371659
2020-06-26 13:00:00+00:00,210.615366
2020-06-26 14:00:00+00:00,212.82962400000002
2020-06-26 15:00:00+00:00,221.303382
2020-06-26 16:00:00+00:00,220.416098
2020-06-26 17:00:00+00:00,213.947923
2020-06-26 18:00:00+00:00,207.358991
2020-06-26 19:00:00+00:00,197.905683
2020-06-26 20:00:00+00:00,191.283676
2020-06-26 21:00:00+00:00,178.71763600000003
2020-06-26 22:00:00+00:00,160.275817
2020-06-26 23:00:00+00:00,144.475102
2020-06-27 00:00:00+00:00,134.412325
2020-06-27 01:00:00+00:00,123.824432
2020-06-27 02:00:00+00:00,119.283736
2020-06-27 03:00:00+00:00,119.277032
2020-06-27 04:00:00+00:00,123.80373999999999
2020-06-27 05:00:00+00:00,137.482239
2020-06-27 06:00:00+00:00,160.68001999999996
2020-06-27 07:00:00+00:00,182.931117
2020-06-27 08:00:00+00:00,196.289646
2020-06-27 09:00:00+00:00,205.21335600000003
2020-06-27 10:00:00+00:00,205.978944
2020-06-27 11:00:00+00:00,201.52086200000002
2020-06-27 12:00:00+00:00,196.250477
2020-06-27 13:00:00+00:00,193.62110600000003
2020-06-27 14:00:00+00:00,195.344974
2020-06-27 15:00:00+00:00,204.8201
2020-06-27 16:00:00+00:00,209.45163200000002
2020-06-27 17:00:00+00:00,207.285785
2020-06-27 18:00:00+00:00,201.261151
2020-06-27 19:00:00+00:00,193.412949
2020-06-27 20:00:00+00:00,189.14165
2020-06-27 21:00:00+00:00,177.799406
2020-06-27 22:00:00+00:00,160.20001100000002
2020-06-27 23:00:00+00:00,144.272108
2020-06-28 00:00:00+00:00,135.41411100000002
2020-06-28 01:00:00+00:00,124.39195600000001
2020-06-28 02:00:00+00:00,119.675132
2020-06-28 03:00:00+00:00,118.617034
2020-06-28 04:00:00+00:00,121.77188600000001
2020-06-28 05:00:00+00:00,132.62929
2020-06-28 06:00:00+00:00,152.997563
2020-06-28 07:00:00+00:00,174.158313
2020-06-28 08:00:00+00:00,191.425768
2020-06-28 09:00:00+00:00,203.563244
2020-06-28 10:00:00+00:00,205.86386299999998
2020-06-28 11:00:00+00:00,203.147285
2020-06-28 12:00:00+00:00,200.21627
2020-06-28 13:00:00+00:00,197.682586
2020-06-28 14:00:00+00:00,202.661258
2020-06-28 15:00:00+00:00,217.81416800000002
2020-06-28 16:00:00+00:00,227.410115
2020-06-28 17:00:00+00:00,229.11992200000003
2020-06-28 18:00:00+00:00,225.26022700000001
2020-06-28 19:00:00+00:00,215.232992
2020-06-28 20:00:00+00:00,203.47488
2020-06-28 21:00:00+00:00,180.497008
2020-06-28 22:00:00+00:00,155.93645700000002
2020-06-28 23:00:00+00:00,140.00517000000002
2020-06-29 00:00:00+00:00,132.142967
2020-06-29 01:00:00+00:00,125.15728700000001
2020-06-29 02:00:00+00:00,119.709969
2020-06-29 03:00:00+00:00,120.54571299999999
2020-06-29 04:00:00+00:00,133.07798499999998
2020-06-29 05:00:00+00:00,156.818501
2020-06-29 06:00:00+00:00,183.054104
2020-06-29 07:00:00+00:00,200.364975
2020-06-29 08:00:00+00:00,210.362498
2020-06-29 09:00:00+00:00,220.64914800000003
2020-06-29 10:00:00+00:00,226.899759
2020-06-29 11:00:00+00:00,222.75325499999997
2020-06-29 12:00:00+00:00,219.468649
2020-06-29 13:00:00+00:00,216.188596
2020-06-29 14:00:00+00:00,220.50394300000002
2020-06-29 15:00:00+00:00,237.420591
2020-06-29 16:00:00+00:00,240.926029
2020-06-29 17:00:00+00:00,234.858332
2020-06-29 18:00:00+00:00,226.629604
2020-06-29 19:00:00+00:00,213.443607
2020-06-29 20:00:00+00:00,198.8938
2020-06-29 21:00:00+00:00,175.371893
2020-06-29 22:00:00+00:00,151.84237699999997
2020-06-29 23:00:00+00:00,137.055217
2020-06-30 00:00:00+00:00,129.997977
2020-06-30 01:00:00+00:00,122.08168
2020-06-30 02:00:00+00:00,118.582824
2020-06-30 03:00:00+00:00,121.74489399999999
2020-06-30 04:00:00+00:00,135.130301
2020-06-30 05:00:00+00:00,159.98669400000003
2020-06-30 06:00:00+00:00,184.232423
2020-06-30 07:00:00+00:00,198.040316
2020-06-30 08:00:00+00:00,206.94071599999998
2020-06-30 09:00:00+00:00,218.969463
2020-06-30 10:00:00+00:00,224.620243
2020-06-30 11:00:00+00:00,222.082454
2020-06-30 12:00:00+00:00,220.292859
2020-06-30 13:00:00+00:00,218.459204
2020-06-30 14:00:00+00:00,221.915524
2020-06-30 15:00:00+00:00,238.70744900000003
2020-06-30 16:00:00+00:00,248.834098
2020-06-30 17:00:00+00:00,241.54212900000002
2020-06-30 18:00:00+00:00,229.579884
2020-06-30 19:00:00+00:00,214.56873599999997
2020-06-30 20:00:00+00:00,198.74813100000003
2020-06-30 21:00:00+00:00,175.415081
2020-06-30 22:00:00+00:00,152.561919
2020-06-30 23:00:00+00:00,137.22513800000002
2020-07-01 00:00:00+00:00,130.197307
2020-07-01 01:00:00+00:00,122.42348
2020-07-01 02:00:00+00:00,118.109401
2020-07-01 03:00:00+00:00,121.405148
2020-07-01 04:00:00+00:00,135.339581
2020-07-01 05:00:00+00:00,159.388212
2020-07-01 06:00:00+00:00,182.979615
2020-07-01 07:00:00+00:00,196.297641
2020-07-01 08:00:00+00:00,207.460456
2020-07-01 09:00:00+00:00,216.53607200000002
2020-07-01 10:00:00+00:00,221.017678
2020-07-01 11:00:00+00:00,216.84039500000003
2020-07-01 12:00:00+00:00,212.109611
2020-07-01 13:00:00+00:00,210.58787900000002
2020-07-01 14:00:00+00:00,215.84040099999999
2020-07-01 15:00:00+00:00,233.182508
2020-07-01 16:00:00+00:00,240.868869
2020-07-01 17:00:00+00:00,234.323371
2020-07-01 18:00:00+00:00,224.49505299999998
2020-07-01 19:00:00+00:00,208.34063999999998
2020-07-01 20:00:00+00:00,194.591848
2020-07-01 21:00:00+00:00,172.976423
2020-07-01 22:00:00+00:00,151.020105
2020-07-01 23:00:00+00:00,136.95120500000002
2020-07-02 00:00:00+00:00,129.751252
2020-07-02 01:00:00+00:00,122.7065
2020-07-02 02:00:00+00:00,118.71638999999999
2020-07-02 03:00:00+00:00,121.004869
2020-07-02 04:00:00+00:00,134.05539800000003
2020-07-02 05:00:00+00:00,158.055844
2020-07-02 06:00:00+00:00,180.95656
2020-07-02 07:00:00+00:00,194.96408200000002
2020-07-02 08:00:00+00:00,204.272061
2020-07-02 09:00:00+00:00,212.83721
2020-07-02 10:00:00+00:00,217.225491
2020-07-02 11:00:00+00:00,212.956019
2020-07-02 12:00:00+00:00,212.57022100000003
2020-07-02 13:00:00+00:00,208.194793
2020-07-02 14:00:00+00:00,213.79417599999996
2020-07-02 15:00:00+00:00,229.719514
2020-07-02 16:00:00+00:00,232.03567599999997
2020-07-02 17:00:00+00:00,224.840913
2020-07-02 18:00:00+00:00,216.400294
2020-07-02 19:00:00+00:00,204.57648100000003
2020-07-02 20:00:00+00:00,193.049649
2020-07-02 21:00:00+00:00,172.121895
2020-07-02 22:00:00+00:00,150.433543
2020-07-02 23:00:00+00:00,137.32041099999998
2020-07-03 00:00:00+00:00,131.05815199999998
2020-07-03 01:00:00+00:00,123.92048999999999
2020-07-03 02:00:00+00:00,120.09496499999999
2020-07-03 03:00:00+00:00,122.399432
2020-07-03 04:00:00+00:00,135.02938999999998
2020-07-03 05:00:00+00:00,155.76830900000004
2020-07-03 06:00:00+00:00,178.80122699999995
2020-07-03 07:00:00+00:00,193.963659
2020-07-03 08:00:00+00:00,202.657129
2020-07-03 09:00:00+00:00,210.91526
2020-07-03 10:00:00+00:00,214.669945
2020-07-03 11:00:00+00:00,210.882452
2020-07-03 12:00:00+00:00,206.907325
2020-07-03 13:00:00+00:00,203.198138
2020-07-03 14:00:00+00:00,206.99126
2020-07-03 15:00:00+00:00,217.861236
2020-07-03 16:00:00+00:00,220.501312
2020-07-03 17:00:00+00:00,214.24984700000002
2020-07-03 18:00:00+00:00,203.95301
2020-07-03 19:00:00+00:00,193.640782
2020-07-03 20:00:00+00:00,186.59425600000003
2020-07-03 21:00:00+00:00,172.92118899999997
2020-07-03 22:00:00+00:00,155.255624
2020-07-03 23:00:00+00:00,141.31976
2020-07-04 00:00:00+00:00,132.93362900000002
2020-07-04 01:00:00+00:00,124.04006399999999
2020-07-04 02:00:00+00:00,118.71473
2020-07-04 03:00:00+00:00,119.168301
2020-07-04 04:00:00+00:00,122.57112800000002
2020-07-04 05:00:00+00:00,133.75376799999998
2020-07-04 06:00:00+00:00,153.330829
2020-07-04 07:00:00+00:00,175.747022
2020-07-04 08:00:00+00:00,196.06784
2020-07-04 09:00:00+00:00,211.46423
2020-07-04 10:00:00+00:00,218.935156
2020-07-04 11:00:00+00:00,216.351235
2020-07-04 12:00:00+00:00,212.50504100000003
2020-07-04 13:00:00+00:00,208.371406
2020-07-04 14:00:00+00:00,206.798775
2020-07-04 15:00:00+00:00,217.101217
2020-07-04 16:00:00+00:00,225.61834900000002
2020-07-04 17:00:00+00:00,221.787579
2020-07-04 18:00:00+00:00,211.80540699999997
2020-07-04 19:00:00+00:00,198.66793700000002
2020-07-04 20:00:00+00:00,188.764768
2020-07-04 21:00:00+00:00,171.79766899999996
2020-07-04 22:00:00+00:00,153.18791199999995
2020-07-04 23:00:00+00:00,140.17558300000002
2020-07-05 00:00:00+00:00,132.496248
2020-07-05 01:00:00+00:00,123.565541
2020-07-05 02:00:00+00:00,116.66295800000002
2020-07-05 03:00:00+00:00,115.764398
2020-07-05 04:00:00+00:00,118.062293
2020-07-05 05:00:00+00:00,127.908257
2020-07-05 06:00:00+00:00,147.14947099999995
2020-07-05 07:00:00+00:00,168.92297100000005
2020-07-05 08:00:00+00:00,191.222141
2020-07-05 09:00:00+00:00,209.461618
2020-07-05 10:00:00+00:00,221.552522
2020-07-05 11:00:00+00:00,226.475983
2020-07-05 12:00:00+00:00,227.38635
2020-07-05 13:00:00+00:00,223.959041
2020-07-05 14:00:00+00:00,225.404044
2020-07-05 15:00:00+00:00,236.76807200000002
2020-07-05 16:00:00+00:00,237.71661
2020-07-05 17:00:00+00:00,231.366533
2020-07-05 18:00:00+00:00,222.299894
2020-07-05 19:00:00+00:00,207.764158
2020-07-05 20:00:00+00:00,194.439248
2020-07-05 21:00:00+00:00,173.555078
2020-07-05 22:00:00+00:00,150.986788
2020-07-05 23:00:00+00:00,136.82811900000002
2020-07-06 00:00:00+00:00,130.29933
2020-07-06 01:00:00+00:00,123.287507
2020-07-06 02:00:00+00:00,119.412821
2020-07-06 03:00:00+00:00,121.939545
2020-07-06 04:00:00+00:00,133.63781799999998
2020-07-06 05:00:00+00:00,153.07603600000002
2020-07-06 06:00:00+00:00,176.62186100000002
2020-07-06 07:00:00+00:00,194.139423
2020-07-06 08:00:00+00:00,204.838605
2020-07-06 09:00:00+00:00,214.12988399999998
2020-07-06 10:00:00+00:00,218.574394
2020-07-06 11:00:00+00:00,213.636146
2020-07-06 12:00:00+00:00,209.545049
2020-07-06 13:00:00+00:00,206.154724
2020-07-06 14:00:00+00:00,211.99310400000002
2020-07-06 15:00:00+00:00,235.20457599999997
2020-07-06 16:00:00+00:00,238.51559300000002
2020-07-06 17:00:00+00:00,232.110162
2020-07-06 18:00:00+00:00,224.197999
2020-07-06 19:00:00+00:00,209.964295
2020-07-06 20:00:00+00:00,195.884857
2020-07-06 21:00:00+00:00,172.17246899999995
2020-07-06 22:00:00+00:00,150.94791800000004
2020-07-06 23:00:00+00:00,137.998605
2020-07-07 00:00:00+00:00,132.57099599999998
2020-07-07 01:00:00+00:00,127.26190400000002
2020-07-07 02:00:00+00:00,121.444999
2020-07-07 03:00:00+00:00,124.681183
2020-07-07 04:00:00+00:00,135.55305900000002
2020-07-07 05:00:00+00:00,153.145554
2020-07-07 06:00:00+00:00,174.76384699999997
2020-07-07 07:00:00+00:00,190.96324099999998
2020-07-07 08:00:00+00:00,200.093862
2020-07-07 09:00:00+00:00,208.307184
2020-07-07 10:00:00+00:00,212.041937
2020-07-07 11:00:00+00:00,207.161802
2020-07-07 12:00:00+00:00,203.995609
2020-07-07 13:00:00+00:00,202.80023400000002
2020-07-07 14:00:00+00:00,205.79353799999998
2020-07-07 15:00:00+00:00,221.001959
2020-07-07 16:00:00+00:00,226.094911
2020-07-07 17:00:00+00:00,221.241475
2020-07-07 18:00:00+00:00,214.780135
2020-07-07 19:00:00+00:00,202.543883
2020-07-07 20:00:00+00:00,196.174511
2020-07-07 21:00:00+00:00,174.334831
2020-07-07 22:00:00+00:00,153.78082500000005
2020-07-07 23:00:00+00:00,140.55161800000002
2020-07-08 00:00:00+00:00,136.54908799999998
2020-07-08 01:00:00+00:00,130.581655
2020-07-08 02:00:00+00:00,126.74028799999999
2020-07-08 03:00:00+00:00,129.137278
2020-07-08 04:00:00+00:00,138.330108
2020-07-08 05:00:00+00:00,154.94159299999995
2020-07-08 06:00:00+00:00,175.43823999999995
2020-07-08 07:00:00+00:00,193.33195700000002
2020-07-08 08:00:00+00:00,209.10728400000002
2020-07-08 09:00:00+00:00,230.177891
2020-07-08 10:00:00+00:00,238.51749700000002
2020-07-08 11:00:00+00:00,234.17963799999998
2020-07-08 12:00:00+00:00,225.20421499999998
2020-07-08 13:00:00+00:00,217.604097
2020-07-08 14:00:00+00:00,222.404325
2020-07-08 15:00:00+00:00,233.488762
2020-07-08 16:00:00+00:00,237.88305400000002
2020-07-08 17:00:00+00:00,230.316854
2020-07-08 18:00:00+00:00,223.389807
2020-07-08 19:00:00+00:00,212.195502
2020-07-08 20:00:00+00:00,201.526374
2020-07-08 21:00:00+00:00,179.493601
2020-07-08 22:00:00+00:00,160.78725400000005
2020-07-08 23:00:00+00:00,147.09707699999996
2020-07-09 00:00:00+00:00,141.40497
2020-07-09 01:00:00+00:00,136.74094699999998
2020-07-09 02:00:00+00:00,132.10407199999997
2020-07-09 03:00:00+00:00,132.658654
2020-07-09 04:00:00+00:00,138.389958
2020-07-09 05:00:00+00:00,154.835868
2020-07-09 06:00:00+00:00,174.70914000000005
2020-07-09 07:00:00+00:00,190.035017
2020-07-09 08:00:00+00:00,198.745895
2020-07-09 09:00:00+00:00,204.83623799999998
2020-07-09 10:00:00+00:00,207.418389
2020-07-09 11:00:00+00:00,203.094387
2020-07-09 12:00:00+00:00,199.803681
2020-07-09 13:00:00+00:00,197.463438
2020-07-09 14:00:00+00:00,201.682205
2020-07-09 15:00:00+00:00,216.058841
2020-07-09 16:00:00+00:00,220.26921600000003
2020-07-09 17:00:00+00:00,215.307725
2020-07-09 18:00:00+00:00,209.386681
2020-07-09 19:00:00+00:00,199.05781600000003
2020-07-09 20:00:00+00:00,191.022782
2020-07-09 21:00:00+00:00,171.997491
2020-07-09 22:00:00+00:00,154.20728599999995
2020-07-09 23:00:00+00:00,141.425687
2020-07-10 00:00:00+00:00,134.733576
2020-07-10 01:00:00+00:00,129.194399
2020-07-10 02:00:00+00:00,124.95054
2020-07-10 03:00:00+00:00,126.280731
2020-07-10 04:00:00+00:00,133.24371399999998
2020-07-10 05:00:00+00:00,148.685153
2020-07-10 06:00:00+00:00,169.559973
2020-07-10 07:00:00+00:00,185.75411
2020-07-10 08:00:00+00:00,195.53588
2020-07-10 09:00:00+00:00,206.078005
2020-07-10 10:00:00+00:00,209.167973
2020-07-10 11:00:00+00:00,208.57787600000003
2020-07-10 12:00:00+00:00,208.705062
2020-07-10 13:00:00+00:00,205.78576100000004
2020-07-10 14:00:00+00:00,206.321883
2020-07-10 15:00:00+00:00,216.30249500000002
2020-07-10 16:00:00+00:00,219.61912200000003
2020-07-10 17:00:00+00:00,214.75149900000002
2020-07-10 18:00:00+00:00,208.528351
2020-07-10 19:00:00+00:00,197.734515
2020-07-10 20:00:00+00:00,188.719729
2020-07-10 21:00:00+00:00,170.21616799999998
2020-07-10 22:00:00+00:00,152.99756599999995
2020-07-10 23:00:00+00:00,141.11319500000005
2020-07-11 00:00:00+00:00,133.615705
2020-07-11 01:00:00+00:00,128.60257
2020-07-11 02:00:00+00:00,121.492405
2020-07-11 03:00:00+00:00,121.541798
2020-07-11 04:00:00+00:00,124.764423
2020-07-11 05:00:00+00:00,135.071187
2020-07-11 06:00:00+00:00,153.587794
2020-07-11 07:00:00+00:00,174.03375400000002
2020-07-11 08:00:00+00:00,191.880392
2020-07-11 09:00:00+00:00,203.487826
2020-07-11 10:00:00+00:00,204.336225
2020-07-11 11:00:00+00:00,199.985114
2020-07-11 12:00:00+00:00,195.954445
2020-07-11 13:00:00+00:00,192.06706599999998
2020-07-11 14:00:00+00:00,195.432829
2020-07-11 15:00:00+00:00,208.410215
2020-07-11 16:00:00+00:00,219.77248500000002
2020-07-11 17:00:00+00:00,211.25138399999997
2020-07-11 18:00:00+00:00,202.06912
2020-07-11 19:00:00+00:00,192.889793
2020-07-11 20:00:00+00:00,187.408646
2020-07-11 21:00:00+00:00,172.11187300000003
2020-07-11 22:00:00+00:00,155.523068
2020-07-11 23:00:00+00:00,143.567566
2020-07-12 00:00:00+00:00,137.088788
2020-07-12 01:00:00+00:00,130.655839
2020-07-12 02:00:00+00:00,124.75514799999999
2020-07-12 03:00:00+00:00,123.100766
2020-07-12 04:00:00+00:00,122.272107
2020-07-12 05:00:00+00:00,129.336723
2020-07-12 06:00:00+00:00,145.361592
2020-07-12 07:00:00+00:00,163.58094400000004
2020-07-12 08:00:00+00:00,178.930878
2020-07-12 09:00:00+00:00,190.109146
2020-07-12 10:00:00+00:00,193.106023
2020-07-12 11:00:00+00:00,195.30124300000003
2020-07-12 12:00:00+00:00,199.698569
2020-07-12 13:00:00+00:00,196.63108
2020-07-12 14:00:00+00:00,202.623554
2020-07-12 15:00:00+00:00,213.07428600000003
2020-07-12 16:00:00+00:00,219.064095
2020-07-12 17:00:00+00:00,225.32457599999998
2020-07-12 18:00:00+00:00,217.20182799999998
2020-07-12 19:00:00+00:00,203.67709
2020-07-12 20:00:00+00:00,194.423034
2020-07-12 21:00:00+00:00,174.574298
2020-07-12 22:00:00+00:00,154.720853
2020-07-12 23:00:00+00:00,141.926595
2020-07-13 00:00:00+00:00,137.341758
2020-07-13 01:00:00+00:00,131.51107399999998
2020-07-13 02:00:00+00:00,125.886307
2020-07-13 03:00:00+00:00,127.52363600000001
2020-07-13 04:00:00+00:00,132.522166
2020-07-13 05:00:00+00:00,147.421001
2020-07-13 06:00:00+00:00,168.3571
2020-07-13 07:00:00+00:00,185.485865
2020-07-13 08:00:00+00:00,196.56313100000003
2020-07-13 09:00:00+00:00,203.866471
2020-07-13 10:00:00+00:00,206.91887
2020-07-13 11:00:00+00:00,203.06331200000002
2020-07-13 12:00:00+00:00,200.519076
2020-07-13 13:00:00+00:00,197.725486
2020-07-13 14:00:00+00:00,200.566897
2020-07-13 15:00:00+00:00,213.769296
2020-07-13 16:00:00+00:00,218.887736
2020-07-13 17:00:00+00:00,215.72981800000002
2020-07-13 18:00:00+00:00,208.764728
2020-07-13 19:00:00+00:00,197.69026200000002
2020-07-13 20:00:00+00:00,188.697572
2020-07-13 21:00:00+00:00,168.34634
2020-07-13 22:00:00+00:00,149.20626299999998
2020-07-13 23:00:00+00:00,135.85076999999998
2020-07-14 00:00:00+00:00,129.92068799999998
2020-07-14 01:00:00+00:00,125.21603799999998
2020-07-14 02:00:00+00:00,118.63958899999999
2020-07-14 03:00:00+00:00,120.44677
2020-07-14 04:00:00+00:00,129.455551
2020-07-14 05:00:00+00:00,144.199836
2020-07-14 06:00:00+00:00,164.20037699999997
2020-07-14 07:00:00+00:00,180.000421
2020-07-14 08:00:00+00:00,190.566305
2020-07-14 09:00:00+00:00,198.58599300000003
2020-07-14 10:00:00+00:00,202.099598
2020-07-14 11:00:00+00:00,200.239315
2020-07-14 12:00:00+00:00,197.35991299999998
2020-07-14 13:00:00+00:00,195.178549
2020-07-14 14:00:00+00:00,199.358445
2020-07-14 15:00:00+00:00,211.995307
2020-07-14 16:00:00+00:00,216.79883199999998
2020-07-14 17:00:00+00:00,214.317827
2020-07-14 18:00:00+00:00,207.669098
2020-07-14 19:00:00+00:00,194.51491299999998
2020-07-14 20:00:00+00:00,183.98106600000003
2020-07-14 21:00:00+00:00,161.733626
2020-07-14 22:00:00+00:00,143.56523
2020-07-14 23:00:00+00:00,131.566075
2020-07-15 00:00:00+00:00,126.008145
2020-07-15 01:00:00+00:00,121.26163999999999
2020-07-15 02:00:00+00:00,115.29171
2020-07-15 03:00:00+00:00,116.987926
2020-07-15 04:00:00+00:00,126.11691
2020-07-15 05:00:00+00:00,142.05646299999998
2020-07-15 06:00:00+00:00,163.014839
2020-07-15 07:00:00+00:00,180.958044
2020-07-15 08:00:00+00:00,190.973782
2020-07-15 09:00:00+00:00,199.00788100000003
2020-07-15 10:00:00+00:00,209.297583
2020-07-15 11:00:00+00:00,203.534706
2020-07-15 12:00:00+00:00,200.357724
2020-07-15 13:00:00+00:00,196.5399
2020-07-15 14:00:00+00:00,199.05647
2020-07-15 15:00:00+00:00,209.170921
2020-07-15 16:00:00+00:00,211.45209300000002
2020-07-15 17:00:00+00:00,207.34199300000003
2020-07-15 18:00:00+00:00,201.331568
2020-07-15 19:00:00+00:00,192.93956200000002
2020-07-15 20:00:00+00:00,184.97665300000003
2020-07-15 21:00:00+00:00,165.026204
2020-07-15 22:00:00+00:00,147.150117
2020-07-15 23:00:00+00:00,135.678897
2020-07-16 00:00:00+00:00,129.596602
2020-07-16 01:00:00+00:00,123.382159
2020-07-16 02:00:00+00:00,116.721534
2020-07-16 03:00:00+00:00,118.34496499999999
2020-07-16 04:00:00+00:00,126.615589
2020-07-16 05:00:00+00:00,141.532198
2020-07-16 06:00:00+00:00,161.745567
2020-07-16 07:00:00+00:00,177.213859
2020-07-16 08:00:00+00:00,187.028555
2020-07-16 09:00:00+00:00,192.107913
2020-07-16 10:00:00+00:00,193.580653
2020-07-16 11:00:00+00:00,190.331334
2020-07-16 12:00:00+00:00,188.522021
2020-07-16 13:00:00+00:00,186.26123700000002
2020-07-16 14:00:00+00:00,190.093141
2020-07-16 15:00:00+00:00,199.801207
2020-07-16 16:00:00+00:00,201.342931
2020-07-16 17:00:00+00:00,198.641991
2020-07-16 18:00:00+00:00,194.081996
2020-07-16 19:00:00+00:00,187.120517
2020-07-16 20:00:00+00:00,180.820663
2020-07-16 21:00:00+00:00,160.721329
2020-07-16 22:00:00+00:00,143.58820300000005
2020-07-16 23:00:00+00:00,131.547563
2020-07-17 00:00:00+00:00,125.963496
2020-07-17 01:00:00+00:00,121.37310500000001
2020-07-17 02:00:00+00:00,114.818033
2020-07-17 03:00:00+00:00,116.24955300000002
2020-07-17 04:00:00+00:00,123.806409
2020-07-17 05:00:00+00:00,138.320558
2020-07-17 06:00:00+00:00,158.377236
2020-07-17 07:00:00+00:00,174.649831
2020-07-17 08:00:00+00:00,184.43410600000004
2020-07-17 09:00:00+00:00,190.501149
2020-07-17 10:00:00+00:00,191.885545
2020-07-17 11:00:00+00:00,188.561394
2020-07-17 12:00:00+00:00,185.615764
2020-07-17 13:00:00+00:00,183.17212300000003
2020-07-17 14:00:00+00:00,185.894894
2020-07-17 15:00:00+00:00,193.446505
2020-07-17 16:00:00+00:00,195.23903600000003
2020-07-17 17:00:00+00:00,191.62987
2020-07-17 18:00:00+00:00,187.06503
2020-07-17 19:00:00+00:00,180.243791
2020-07-17 20:00:00+00:00,175.35622199999997
2020-07-17 21:00:00+00:00,159.940749
2020-07-17 22:00:00+00:00,144.355751
2020-07-17 23:00:00+00:00,132.165125
2020-07-18 00:00:00+00:00,125.34021299999999
2020-07-18 01:00:00+00:00,119.856378
2020-07-18 02:00:00+00:00,112.718497
2020-07-18 03:00:00+00:00,112.06211
2020-07-18 04:00:00+00:00,115.06098200000001
2020-07-18 05:00:00+00:00,123.96678
2020-07-18 06:00:00+00:00,141.020809
2020-07-18 07:00:00+00:00,158.724323
2020-07-18 08:00:00+00:00,172.263256
2020-07-18 09:00:00+00:00,181.872114
2020-07-18 10:00:00+00:00,182.524531
2020-07-18 11:00:00+00:00,180.154899
2020-07-18 12:00:00+00:00,178.22608899999997
2020-07-18 13:00:00+00:00,176.030718
2020-07-18 14:00:00+00:00,177.55728600000003
2020-07-18 15:00:00+00:00,186.348478
2020-07-18 16:00:00+00:00,190.84977300000003
2020-07-18 17:00:00+00:00,189.154352
2020-07-18 18:00:00+00:00,183.882401
2020-07-18 19:00:00+00:00,178.215711
2020-07-18 20:00:00+00:00,173.937145
2020-07-18 21:00:00+00:00,159.164737
2020-07-18 22:00:00+00:00,143.83076100000002
2020-07-18 23:00:00+00:00,131.92339199999998
2020-07-19 00:00:00+00:00,125.214772
2020-07-19 01:00:00+00:00,119.819747
2020-07-19 02:00:00+00:00,111.468718
2020-07-19 03:00:00+00:00,110.460478
2020-07-19 04:00:00+00:00,112.85714499999999
2020-07-19 05:00:00+00:00,121.678494
2020-07-19 06:00:00+00:00,137.350231
2020-07-19 07:00:00+00:00,154.068759
2020-07-19 08:00:00+00:00,169.39641899999995
2020-07-19 09:00:00+00:00,179.26954199999997
2020-07-19 10:00:00+00:00,182.42633500000002
2020-07-19 11:00:00+00:00,180.86985
2020-07-19 12:00:00+00:00,179.24132999999995
2020-07-19 13:00:00+00:00,177.65223899999995
2020-07-19 14:00:00+00:00,180.888006
2020-07-19 15:00:00+00:00,192.215361
2020-07-19 16:00:00+00:00,199.296707
2020-07-19 17:00:00+00:00,197.96787700000002
2020-07-19 18:00:00+00:00,194.242063
2020-07-19 19:00:00+00:00,187.581328
2020-07-19 20:00:00+00:00,182.093917
2020-07-19 21:00:00+00:00,161.661406
2020-07-19 22:00:00+00:00,142.97653799999998
2020-07-19 23:00:00+00:00,129.372434
2020-07-20 00:00:00+00:00,123.884464
2020-07-20 01:00:00+00:00,119.555357
2020-07-20 02:00:00+00:00,113.719677
2020-07-20 03:00:00+00:00,112.97908400000001
2020-07-20 04:00:00+00:00,120.720102
2020-07-20 05:00:00+00:00,136.47975699999998
2020-07-20 06:00:00+00:00,157.834559
2020-07-20 07:00:00+00:00,175.79174300000003
2020-07-20 08:00:00+00:00,188.66776299999998
2020-07-20 09:00:00+00:00,200.714969
2020-07-20 10:00:00+00:00,203.868368
2020-07-20 11:00:00+00:00,201.787081
2020-07-20 12:00:00+00:00,201.009579
2020-07-20 13:00:00+00:00,197.970535
2020-07-20 14:00:00+00:00,200.105328
2020-07-20 15:00:00+00:00,210.10731299999998
2020-07-20 16:00:00+00:00,213.48207599999998
2020-07-20 17:00:00+00:00,210.090542
2020-07-20 18:00:00+00:00,206.11996200000002
2020-07-20 19:00:00+00:00,197.873849
2020-07-20 20:00:00+00:00,182.433658
2020-07-20 21:00:00+00:00,160.272301
2020-07-20 22:00:00+00:00,142.777198
2020-07-20 23:00:00+00:00,130.74566399999998
2020-07-21 00:00:00+00:00,124.77955300000002
2020-07-21 01:00:00+00:00,120.652054
2020-07-21 02:00:00+00:00,114.536524
2020-07-21 03:00:00+00:00,115.99895800000002
2020-07-21 04:00:00+00:00,123.402683
2020-07-21 05:00:00+00:00,138.488117
2020-07-21 06:00:00+00:00,159.031437
2020-07-21 07:00:00+00:00,177.16266299999998
2020-07-21 08:00:00+00:00,188.028261
2020-07-21 09:00:00+00:00,196.235211
2020-07-21 10:00:00+00:00,199.516973
2020-07-21 11:00:00+00:00,197.54872100000003
2020-07-21 12:00:00+00:00,195.609214
2020-07-21 13:00:00+00:00,193.256301
2020-07-21 14:00:00+00:00,195.62677
2020-07-21 15:00:00+00:00,206.031274
2020-07-21 16:00:00+00:00,210.348423
2020-07-21 17:00:00+00:00,206.057997
2020-07-21 18:00:00+00:00,199.452269
2020-07-21 19:00:00+00:00,192.63772
2020-07-21 20:00:00+00:00,182.678086
2020-07-21 21:00:00+00:00,160.980839
2020-07-21 22:00:00+00:00,142.74453699999995
2020-07-21 23:00:00+00:00,131.68108999999998
2020-07-22 00:00:00+00:00,125.718519
2020-07-22 01:00:00+00:00,122.15063300000001
2020-07-22 02:00:00+00:00,116.485887
2020-07-22 03:00:00+00:00,118.296953
2020-07-22 04:00:00+00:00,126.44515200000001
2020-07-22 05:00:00+00:00,140.953115
2020-07-22 06:00:00+00:00,159.758171
2020-07-22 07:00:00+00:00,175.939062
2020-07-22 08:00:00+00:00,185.55238400000002
2020-07-22 09:00:00+00:00,192.913219
2020-07-22 10:00:00+00:00,195.264023
2020-07-22 11:00:00+00:00,192.378232
2020-07-22 12:00:00+00:00,189.93063999999998
2020-07-22 13:00:00+00:00,188.336149
2020-07-22 14:00:00+00:00,192.067458
2020-07-22 15:00:00+00:00,201.99605400000002
2020-07-22 16:00:00+00:00,205.19083999999998
2020-07-22 17:00:00+00:00,201.67956999999998
2020-07-22 18:00:00+00:00,196.669069
2020-07-22 19:00:00+00:00,189.75096000000002
2020-07-22 20:00:00+00:00,180.946143
2020-07-22 21:00:00+00:00,161.941303
2020-07-22 22:00:00+00:00,145.82548300000005
2020-07-22 23:00:00+00:00,134.51072299999998
2020-07-23 00:00:00+00:00,128.904227
2020-07-23 01:00:00+00:00,126.86843600000002
2020-07-23 02:00:00+00:00,120.507046
2020-07-23 03:00:00+00:00,121.46653
2020-07-23 04:00:00+00:00,128.354261
2020-07-23 05:00:00+00:00,142.06000600000002
2020-07-23 06:00:00+00:00,160.420534
2020-07-23 07:00:00+00:00,176.76872100000003
2020-07-23 08:00:00+00:00,186.351315
2020-07-23 09:00:00+00:00,192.66587600000003
2020-07-23 10:00:00+00:00,194.78359
2020-07-23 11:00:00+00:00,193.25644499999999
2020-07-23 12:00:00+00:00,191.646733
2020-07-23 13:00:00+00:00,188.885659
2020-07-23 14:00:00+00:00,192.983154
2020-07-23 15:00:00+00:00,202.410754
2020-07-23 16:00:00+00:00,205.631024
2020-07-23 17:00:00+00:00,202.36936799999998
2020-07-23 18:00:00+00:00,198.066546
2020-07-23 19:00:00+00:00,191.859934
2020-07-23 20:00:00+00:00,182.909579
2020-07-23 21:00:00+00:00,162.58214900000004
2020-07-23 22:00:00+00:00,145.314639
2020-07-23 23:00:00+00:00,134.667603
2020-07-24 00:00:00+00:00,129.005825
2020-07-24 01:00:00+00:00,126.84304199999998
2020-07-24 02:00:00+00:00,120.049809
2020-07-24 03:00:00+00:00,121.290404
2020-07-24 04:00:00+00:00,127.25123400000001
2020-07-24 05:00:00+00:00,140.52746499999998
2020-07-24 06:00:00+00:00,159.93960199999995
2020-07-24 07:00:00+00:00,176.29539399999996
2020-07-24 08:00:00+00:00,186.326251
2020-07-24 09:00:00+00:00,192.11353400000002
2020-07-24 10:00:00+00:00,194.147185
2020-07-24 11:00:00+00:00,192.043179
2020-07-24 12:00:00+00:00,189.846629
2020-07-24 13:00:00+00:00,187.23478300000002
2020-07-24 14:00:00+00:00,190.149044
2020-07-24 15:00:00+00:00,198.662676
2020-07-24 16:00:00+00:00,200.144998
2020-07-24 17:00:00+00:00,197.218904
2020-07-24 18:00:00+00:00,190.739807
2020-07-24 19:00:00+00:00,184.398401
2020-07-24 20:00:00+00:00,179.33619000000004
2020-07-24 21:00:00+00:00,162.81659199999999
2020-07-24 22:00:00+00:00,148.567068
2020-07-24 23:00:00+00:00,137.662608
2020-07-25 00:00:00+00:00,131.924825
2020-07-25 01:00:00+00:00,129.06860700000001
2020-07-25 02:00:00+00:00,122.01846599999999
2020-07-25 03:00:00+00:00,119.68073899999999
2020-07-25 04:00:00+00:00,120.866487
2020-07-25 05:00:00+00:00,128.761106
2020-07-25 06:00:00+00:00,144.445231
2020-07-25 07:00:00+00:00,161.68698500000002
2020-07-25 08:00:00+00:00,175.15144199999997
2020-07-25 09:00:00+00:00,183.251495
2020-07-25 10:00:00+00:00,183.860165
2020-07-25 11:00:00+00:00,180.31186200000002
2020-07-25 12:00:00+00:00,177.89770899999996
2020-07-25 13:00:00+00:00,176.498472
2020-07-25 14:00:00+00:00,182.749376
2020-07-25 15:00:00+00:00,191.737739
2020-07-25 16:00:00+00:00,195.589647
2020-07-25 17:00:00+00:00,191.53218999999999
2020-07-25 18:00:00+00:00,185.911033
2020-07-25 19:00:00+00:00,181.91949
2020-07-25 20:00:00+00:00,177.155047
2020-07-25 21:00:00+00:00,161.960025
2020-07-25 22:00:00+00:00,147.583826
2020-07-25 23:00:00+00:00,136.587505
2020-07-26 00:00:00+00:00,130.24829300000002
2020-07-26 01:00:00+00:00,127.013542
2020-07-26 02:00:00+00:00,118.986238
2020-07-26 03:00:00+00:00,117.019228
2020-07-26 04:00:00+00:00,117.40791899999999
2020-07-26 05:00:00+00:00,123.57875700000001
2020-07-26 06:00:00+00:00,138.46165900000003
2020-07-26 07:00:00+00:00,155.04498800000005
2020-07-26 08:00:00+00:00,170.012278
2020-07-26 09:00:00+00:00,181.27147600000004
2020-07-26 10:00:00+00:00,184.11803
2020-07-26 11:00:00+00:00,182.30371200000002
2020-07-26 12:00:00+00:00,180.201766
2020-07-26 13:00:00+00:00,178.28179599999999
2020-07-26 14:00:00+00:00,183.430139
2020-07-26 15:00:00+00:00,196.07655400000002
2020-07-26 16:00:00+00:00,204.002514
2020-07-26 17:00:00+00:00,204.60882100000003
2020-07-26 18:00:00+00:00,203.360145
2020-07-26 19:00:00+00:00,196.749497
2020-07-26 20:00:00+00:00,181.874754
2020-07-26 21:00:00+00:00,159.51554000000004
2020-07-26 22:00:00+00:00,141.117306
2020-07-26 23:00:00+00:00,128.821216
2020-07-27 00:00:00+00:00,123.123223
2020-07-27 01:00:00+00:00,119.462245
2020-07-27 02:00:00+00:00,115.556992
2020-07-27 03:00:00+00:00,113.98858
2020-07-27 04:00:00+00:00,122.220469
2020-07-27 05:00:00+00:00,138.11358700000002
2020-07-27 06:00:00+00:00,158.959953
2020-07-27 07:00:00+00:00,178.294295
2020-07-27 08:00:00+00:00,189.89015
2020-07-27 09:00:00+00:00,197.049262
2020-07-27 10:00:00+00:00,199.25196599999998
2020-07-27 11:00:00+00:00,197.08754299999998
2020-07-27 12:00:00+00:00,194.287059
2020-07-27 13:00:00+00:00,191.973851
2020-07-27 14:00:00+00:00,196.323992
2020-07-27 15:00:00+00:00,208.006629
2020-07-27 16:00:00+00:00,210.924884
2020-07-27 17:00:00+00:00,207.060642
2020-07-27 18:00:00+00:00,201.125971
2020-07-27 19:00:00+00:00,195.710244
2020-07-27 20:00:00+00:00,183.949019
2020-07-27 21:00:00+00:00,161.63555
2020-07-27 22:00:00+00:00,143.647674
2020-07-27 23:00:00+00:00,131.39735199999998
2020-07-28 00:00:00+00:00,124.90881
2020-07-28 01:00:00+00:00,121.63485
2020-07-28 02:00:00+00:00,115.107874
2020-07-28 03:00:00+00:00,115.088945
2020-07-28 04:00:00+00:00,122.920216
2020-07-28 05:00:00+00:00,138.684843
2020-07-28 06:00:00+00:00,159.445453
2020-07-28 07:00:00+00:00,176.70001899999997
2020-07-28 08:00:00+00:00,189.28013600000003
2020-07-28 09:00:00+00:00,198.0408
2020-07-28 10:00:00+00:00,201.540445
2020-07-28 11:00:00+00:00,200.198571
2020-07-28 12:00:00+00:00,197.898332
2020-07-28 13:00:00+00:00,200.441874
2020-07-28 14:00:00+00:00,205.633012
2020-07-28 15:00:00+00:00,217.532719
2020-07-28 16:00:00+00:00,226.367679
2020-07-28 17:00:00+00:00,223.34312799999998
2020-07-28 18:00:00+00:00,212.760602
2020-07-28 19:00:00+00:00,205.60359499999998
2020-07-28 20:00:00+00:00,184.346105
2020-07-28 21:00:00+00:00,160.736081
2020-07-28 22:00:00+00:00,144.459521
2020-07-28 23:00:00+00:00,132.621508
2020-07-29 00:00:00+00:00,127.168852
2020-07-29 01:00:00+00:00,124.58635100000001
2020-07-29 02:00:00+00:00,118.71543700000001
2020-07-29 03:00:00+00:00,119.06688899999999
2020-07-29 04:00:00+00:00,127.04614
2020-07-29 05:00:00+00:00,141.35521300000005
2020-07-29 06:00:00+00:00,163.090525
2020-07-29 07:00:00+00:00,178.60410000000005
2020-07-29 08:00:00+00:00,189.00237099999998
2020-07-29 09:00:00+00:00,196.16266299999998
2020-07-29 10:00:00+00:00,200.350206
2020-07-29 11:00:00+00:00,200.847642
2020-07-29 12:00:00+00:00,197.893168
2020-07-29 13:00:00+00:00,197.787895
2020-07-29 14:00:00+00:00,180.137561
2020-07-29 15:00:00+00:00,214.05485499999998
2020-07-29 16:00:00+00:00,215.763516
2020-07-29 17:00:00+00:00,212.37766600000003
2020-07-29 18:00:00+00:00,205.461481
2020-07-29 19:00:00+00:00,200.933887
2020-07-29 20:00:00+00:00,185.120716
2020-07-29 21:00:00+00:00,163.06111800000005
2020-07-29 22:00:00+00:00,145.924672
2020-07-29 23:00:00+00:00,133.852491
2020-07-30 00:00:00+00:00,126.80491200000002
2020-07-30 01:00:00+00:00,123.430724
2020-07-30 02:00:00+00:00,117.231549
2020-07-30 03:00:00+00:00,117.224202
2020-07-30 04:00:00+00:00,126.371384
2020-07-30 05:00:00+00:00,141.208326
2020-07-30 06:00:00+00:00,161.398675
2020-07-30 07:00:00+00:00,179.42855500000002
2020-07-30 08:00:00+00:00,190.160308
2020-07-30 09:00:00+00:00,195.640146
2020-07-30 10:00:00+00:00,198.37774199999998
2020-07-30 11:00:00+00:00,195.031786
2020-07-30 12:00:00+00:00,193.955264
2020-07-30 13:00:00+00:00,194.578787
2020-07-30 14:00:00+00:00,204.014912
2020-07-30 15:00:00+00:00,227.07363700000002
2020-07-30 16:00:00+00:00,230.87947799999998
2020-07-30 17:00:00+00:00,226.280267
2020-07-30 18:00:00+00:00,221.88692200000003
2020-07-30 19:00:00+00:00,212.52626600000002
2020-07-30 20:00:00+00:00,188.717764
2020-07-30 21:00:00+00:00,164.99946599999996
2020-07-30 22:00:00+00:00,146.89555800000005
2020-07-30 23:00:00+00:00,133.98456399999998
2020-07-31 00:00:00+00:00,127.182076
2020-07-31 01:00:00+00:00,124.3247
2020-07-31 02:00:00+00:00,119.184598
2020-07-31 03:00:00+00:00,118.85614300000002
2020-07-31 04:00:00+00:00,127.555299
2020-07-31 05:00:00+00:00,142.743784
2020-07-31 06:00:00+00:00,165.394593
2020-07-31 07:00:00+00:00,183.01089
2020-07-31 08:00:00+00:00,193.553953
2020-07-31 09:00:00+00:00,200.035154
2020-07-31 10:00:00+00:00,202.16222600000003
2020-07-31 11:00:00+00:00,198.798489
2020-07-31 12:00:00+00:00,195.45977299999998
2020-07-31 13:00:00+00:00,191.36059
2020-07-31 14:00:00+00:00,193.17091600000003
2020-07-31 15:00:00+00:00,202.066535
2020-07-31 16:00:00+00:00,203.08316600000003
2020-07-31 17:00:00+00:00,198.975009
2020-07-31 18:00:00+00:00,192.558065
2020-07-31 19:00:00+00:00,189.524949
2020-07-31 20:00:00+00:00,181.939442
2020-07-31 21:00:00+00:00,164.364834
2020-07-31 22:00:00+00:00,149.10936600000005
2020-07-31 23:00:00+00:00,136.919264
2020-08-01 00:00:00+00:00,129.682107
2020-08-01 01:00:00+00:00,126.440425
2020-08-01 02:00:00+00:00,119.704245
2020-08-01 03:00:00+00:00,116.710672
2020-08-01 04:00:00+00:00,118.247565
2020-08-01 05:00:00+00:00,126.770944
2020-08-01 06:00:00+00:00,144.52571799999996
2020-08-01 07:00:00+00:00,162.13481000000002
2020-08-01 08:00:00+00:00,175.02469
2020-08-01 09:00:00+00:00,183.587272
2020-08-01 10:00:00+00:00,183.240692
2020-08-01 11:00:00+00:00,178.44487900000001
2020-08-01 12:00:00+00:00,175.435685
2020-08-01 13:00:00+00:00,173.648526
2020-08-01 14:00:00+00:00,175.88665500000002
2020-08-01 15:00:00+00:00,186.08093799999997
2020-08-01 16:00:00+00:00,192.321024
2020-08-01 17:00:00+00:00,190.840194
2020-08-01 18:00:00+00:00,187.860126
2020-08-01 19:00:00+00:00,187.143618
2020-08-01 20:00:00+00:00,178.85747899999996
2020-08-01 21:00:00+00:00,161.098958
2020-08-01 22:00:00+00:00,144.92987
2020-08-01 23:00:00+00:00,132.870954
2020-08-02 00:00:00+00:00,126.30550300000002
2020-08-02 01:00:00+00:00,121.777573
2020-08-02 02:00:00+00:00,115.402719
2020-08-02 03:00:00+00:00,112.104283
2020-08-02 04:00:00+00:00,114.37371100000001
2020-08-02 05:00:00+00:00,122.81841000000001
2020-08-02 06:00:00+00:00,139.46819399999998
2020-08-02 07:00:00+00:00,158.52598999999995
2020-08-02 08:00:00+00:00,174.05062300000003
2020-08-02 09:00:00+00:00,186.536173
2020-08-02 10:00:00+00:00,190.19376499999998
2020-08-02 11:00:00+00:00,188.838652
2020-08-02 12:00:00+00:00,187.512972
2020-08-02 13:00:00+00:00,185.793567
2020-08-02 14:00:00+00:00,190.27562700000001
2020-08-02 15:00:00+00:00,209.15208
2020-08-02 16:00:00+00:00,221.890927
2020-08-02 17:00:00+00:00,217.585411
2020-08-02 18:00:00+00:00,211.00433700000002
2020-08-02 19:00:00+00:00,204.215084
2020-08-02 20:00:00+00:00,185.877905
2020-08-02 21:00:00+00:00,160.94604800000005
2020-08-02 22:00:00+00:00,141.866818
2020-08-02 23:00:00+00:00,129.71971200000002
2020-08-03 00:00:00+00:00,124.263348
2020-08-03 01:00:00+00:00,121.552208
2020-08-03 02:00:00+00:00,116.61836000000001
2020-08-03 03:00:00+00:00,116.69742099999999
2020-08-03 04:00:00+00:00,127.26214399999999
2020-08-03 05:00:00+00:00,147.438174
2020-08-03 06:00:00+00:00,169.37425100000004
2020-08-03 07:00:00+00:00,186.18425600000003
2020-08-03 08:00:00+00:00,195.788951
2020-08-03 09:00:00+00:00,202.639189
2020-08-03 10:00:00+00:00,205.801244
2020-08-03 11:00:00+00:00,202.609148
2020-08-03 12:00:00+00:00,199.317117
2020-08-03 13:00:00+00:00,197.205751
2020-08-03 14:00:00+00:00,201.472347
2020-08-03 15:00:00+00:00,216.32162999999997
2020-08-03 16:00:00+00:00,222.047825
2020-08-03 17:00:00+00:00,216.513677
2020-08-03 18:00:00+00:00,209.48613899999998
2020-08-03 19:00:00+00:00,205.102337
2020-08-03 20:00:00+00:00,188.14102
2020-08-03 21:00:00+00:00,162.976378
2020-08-03 22:00:00+00:00,143.65004199999996
2020-08-03 23:00:00+00:00,132.32139999999998
2020-08-04 00:00:00+00:00,126.62698
2020-08-04 01:00:00+00:00,124.615938
2020-08-04 02:00:00+00:00,120.41408899999999
2020-08-04 03:00:00+00:00,119.814355
2020-08-04 04:00:00+00:00,129.08049699999998
2020-08-04 05:00:00+00:00,147.399249
2020-08-04 06:00:00+00:00,169.023745
2020-08-04 07:00:00+00:00,185.184027
2020-08-04 08:00:00+00:00,195.067452
2020-08-04 09:00:00+00:00,201.52681
2020-08-04 10:00:00+00:00,204.761526
2020-08-04 11:00:00+00:00,201.399667
2020-08-04 12:00:00+00:00,198.55373100000003
2020-08-04 13:00:00+00:00,195.669832
2020-08-04 14:00:00+00:00,200.07653600000003
2020-08-04 15:00:00+00:00,213.875838
2020-08-04 16:00:00+00:00,217.158792
2020-08-04 17:00:00+00:00,213.590627
2020-08-04 18:00:00+00:00,207.680155
2020-08-04 19:00:00+00:00,205.660061
2020-08-04 20:00:00+00:00,187.989212
2020-08-04 21:00:00+00:00,163.49493999999999
2020-08-04 22:00:00+00:00,143.477781
2020-08-04 23:00:00+00:00,131.52207099999998
2020-08-05 00:00:00+00:00,125.696578
2020-08-05 01:00:00+00:00,123.01571
2020-08-05 02:00:00+00:00,120.575319
2020-08-05 03:00:00+00:00,120.025263
2020-08-05 04:00:00+00:00,129.25504800000002
2020-08-05 05:00:00+00:00,148.020751
2020-08-05 06:00:00+00:00,169.853157
2020-08-05 07:00:00+00:00,186.43999
2020-08-05 08:00:00+00:00,196.718741
2020-08-05 09:00:00+00:00,204.77878600000003
2020-08-05 10:00:00+00:00,207.883219
2020-08-05 11:00:00+00:00,205.150224
2020-08-05 12:00:00+00:00,201.817192
2020-08-05 13:00:00+00:00,200.328335
2020-08-05 14:00:00+00:00,206.142058
2020-08-05 15:00:00+00:00,222.833056
2020-08-05 16:00:00+00:00,229.836517
2020-08-05 17:00:00+00:00,225.030196
2020-08-05 18:00:00+00:00,215.784854
2020-08-05 19:00:00+00:00,208.465067
2020-08-05 20:00:00+00:00,185.190968
2020-08-05 21:00:00+00:00,160.878742
2020-08-05 22:00:00+00:00,141.930045
2020-08-05 23:00:00+00:00,129.35625100000001
2020-08-06 00:00:00+00:00,123.522001
2020-08-06 01:00:00+00:00,120.242671
2020-08-06 02:00:00+00:00,117.164427
2020-08-06 03:00:00+00:00,115.91188799999999
2020-08-06 04:00:00+00:00,126.62331
2020-08-06 05:00:00+00:00,146.67086799999998
2020-08-06 06:00:00+00:00,171.183712
2020-08-06 07:00:00+00:00,188.728552
2020-08-06 08:00:00+00:00,199.509808
2020-08-06 09:00:00+00:00,209.116309
2020-08-06 10:00:00+00:00,212.981445
2020-08-06 11:00:00+00:00,209.559709
2020-08-06 12:00:00+00:00,205.69037100000003
2020-08-06 13:00:00+00:00,203.420677
2020-08-06 14:00:00+00:00,208.02966
2020-08-06 15:00:00+00:00,218.349698
2020-08-06 16:00:00+00:00,219.7302
2020-08-06 17:00:00+00:00,214.52245
2020-08-06 18:00:00+00:00,207.715023
2020-08-06 19:00:00+00:00,206.366836
2020-08-06 20:00:00+00:00,189.9581
2020-08-06 21:00:00+00:00,165.217986
2020-08-06 22:00:00+00:00,145.21879099999998
2020-08-06 23:00:00+00:00,135.472104
2020-08-07 00:00:00+00:00,129.142956
2020-08-07 01:00:00+00:00,126.335093
2020-08-07 02:00:00+00:00,122.248341
2020-08-07 03:00:00+00:00,120.979593
2020-08-07 04:00:00+00:00,131.536271
2020-08-07 05:00:00+00:00,150.64420900000002
2020-08-07 06:00:00+00:00,173.971499
2020-08-07 07:00:00+00:00,191.662906
2020-08-07 08:00:00+00:00,201.959535
2020-08-07 09:00:00+00:00,208.164119
2020-08-07 10:00:00+00:00,209.34384100000003
2020-08-07 11:00:00+00:00,205.348825
2020-08-07 12:00:00+00:00,202.805212
2020-08-07 13:00:00+00:00,199.543855
2020-08-07 14:00:00+00:00,202.156129
2020-08-07 15:00:00+00:00,209.822131
2020-08-07 16:00:00+00:00,211.02947999999998
2020-08-07 17:00:00+00:00,205.464769
2020-08-07 18:00:00+00:00,201.516557
2020-08-07 19:00:00+00:00,201.507072
2020-08-07 20:00:00+00:00,188.110663
2020-08-07 21:00:00+00:00,168.461604
2020-08-07 22:00:00+00:00,150.03278799999998
2020-08-07 23:00:00+00:00,136.929915
2020-08-08 00:00:00+00:00,129.13306200000002
2020-08-08 01:00:00+00:00,124.833941
2020-08-08 02:00:00+00:00,119.406796
2020-08-08 03:00:00+00:00,115.650103
2020-08-08 04:00:00+00:00,118.650281
2020-08-08 05:00:00+00:00,130.955993
2020-08-08 06:00:00+00:00,151.99911799999998
2020-08-08 07:00:00+00:00,171.930749
2020-08-08 08:00:00+00:00,185.498455
2020-08-08 09:00:00+00:00,194.130667
2020-08-08 10:00:00+00:00,194.115231
2020-08-08 11:00:00+00:00,189.43509
2020-08-08 12:00:00+00:00,185.996764
2020-08-08 13:00:00+00:00,184.05421600000003
2020-08-08 14:00:00+00:00,186.91332
2020-08-08 15:00:00+00:00,198.801731
2020-08-08 16:00:00+00:00,203.965269
2020-08-08 17:00:00+00:00,202.28566
2020-08-08 18:00:00+00:00,198.14508999999998
2020-08-08 19:00:00+00:00,199.650108
2020-08-08 20:00:00+00:00,186.43133500000002
2020-08-08 21:00:00+00:00,168.34043799999998
2020-08-08 22:00:00+00:00,151.573461
2020-08-08 23:00:00+00:00,138.11010199999998
2020-08-09 00:00:00+00:00,130.65343099999998
2020-08-09 01:00:00+00:00,126.40825300000002
2020-08-09 02:00:00+00:00,121.1843
2020-08-09 03:00:00+00:00,116.506
2020-08-09 04:00:00+00:00,118.881809
2020-08-09 05:00:00+00:00,129.745336
2020-08-09 06:00:00+00:00,149.064491
2020-08-09 07:00:00+00:00,170.11257700000002
2020-08-09 08:00:00+00:00,185.24802
2020-08-09 09:00:00+00:00,196.997361
2020-08-09 10:00:00+00:00,199.932018
2020-08-09 11:00:00+00:00,196.713281
2020-08-09 12:00:00+00:00,194.06068
2020-08-09 13:00:00+00:00,193.171359
2020-08-09 14:00:00+00:00,199.14803
2020-08-09 15:00:00+00:00,217.710179
2020-08-09 16:00:00+00:00,227.54854100000003
2020-08-09 17:00:00+00:00,227.724587
2020-08-09 18:00:00+00:00,226.66538799999998
2020-08-09 19:00:00+00:00,223.33581800000002
2020-08-09 20:00:00+00:00,198.24098500000002
2020-08-09 21:00:00+00:00,168.664544
2020-08-09 22:00:00+00:00,147.37766499999998
2020-08-09 23:00:00+00:00,134.570825
2020-08-10 00:00:00+00:00,128.7028
2020-08-10 01:00:00+00:00,125.832923
2020-08-10 02:00:00+00:00,123.06058600000001
2020-08-10 03:00:00+00:00,122.737206
2020-08-10 04:00:00+00:00,137.11816299999998
2020-08-10 05:00:00+00:00,162.50673
2020-08-10 06:00:00+00:00,185.84148
2020-08-10 07:00:00+00:00,199.557663
2020-08-10 08:00:00+00:00,208.254188
2020-08-10 09:00:00+00:00,216.398593
2020-08-10 10:00:00+00:00,204.90461800000003
2020-08-10 11:00:00+00:00,213.23228799999998
2020-08-10 12:00:00+00:00,213.208379
2020-08-10 13:00:00+00:00,210.690341
2020-08-10 14:00:00+00:00,217.16861699999998
2020-08-10 15:00:00+00:00,236.405453
2020-08-10 16:00:00+00:00,240.487206
2020-08-10 17:00:00+00:00,235.774608
2020-08-10 18:00:00+00:00,230.19882
2020-08-10 19:00:00+00:00,226.613615
2020-08-10 20:00:00+00:00,200.582332
2020-08-10 21:00:00+00:00,170.60114399999995
2020-08-10 22:00:00+00:00,149.760698
2020-08-10 23:00:00+00:00,138.208022
2020-08-11 00:00:00+00:00,133.168174
2020-08-11 01:00:00+00:00,131.36400899999998
2020-08-11 02:00:00+00:00,129.12706799999998
2020-08-11 03:00:00+00:00,128.130134
2020-08-11 04:00:00+00:00,141.53283100000004
2020-08-11 05:00:00+00:00,165.67855500000002
2020-08-11 06:00:00+00:00,188.78975400000002
2020-08-11 07:00:00+00:00,201.470709
2020-08-11 08:00:00+00:00,209.974385
2020-08-11 09:00:00+00:00,218.729487
2020-08-11 10:00:00+00:00,222.84190300000003
2020-08-11 11:00:00+00:00,217.86974700000002
2020-08-11 12:00:00+00:00,214.134746
2020-08-11 13:00:00+00:00,211.4422
2020-08-11 14:00:00+00:00,217.211839
2020-08-11 15:00:00+00:00,236.676008
2020-08-11 16:00:00+00:00,240.31504900000002
2020-08-11 17:00:00+00:00,235.01141600000003
2020-08-11 18:00:00+00:00,230.774558
2020-08-11 19:00:00+00:00,227.40053799999998
2020-08-11 20:00:00+00:00,201.982423
2020-08-11 21:00:00+00:00,171.17236300000005
2020-08-11 22:00:00+00:00,149.784698
2020-08-11 23:00:00+00:00,137.99809199999999
2020-08-12 00:00:00+00:00,132.822443
2020-08-12 01:00:00+00:00,130.66826400000002
2020-08-12 02:00:00+00:00,128.25447400000002
2020-08-12 03:00:00+00:00,127.80139799999999
2020-08-12 04:00:00+00:00,141.986091
2020-08-12 05:00:00+00:00,166.668995
2020-08-12 06:00:00+00:00,188.449374
2020-08-12 07:00:00+00:00,202.07433
2020-08-12 08:00:00+00:00,209.583699
2020-08-12 09:00:00+00:00,217.397909
2020-08-12 10:00:00+00:00,221.999734
2020-08-12 11:00:00+00:00,218.021834
2020-08-12 12:00:00+00:00,215.65210299999998
2020-08-12 13:00:00+00:00,212.84776499999998
2020-08-12 14:00:00+00:00,219.44323100000003
2020-08-12 15:00:00+00:00,236.74567800000003
2020-08-12 16:00:00+00:00,238.95783799999998
2020-08-12 17:00:00+00:00,232.971664
2020-08-12 18:00:00+00:00,229.218559
2020-08-12 19:00:00+00:00,226.232691
2020-08-12 20:00:00+00:00,198.78949699999998
2020-08-12 21:00:00+00:00,168.39887
2020-08-12 22:00:00+00:00,146.54560500000005
2020-08-12 23:00:00+00:00,133.521739
2020-08-13 00:00:00+00:00,127.37241200000001
2020-08-13 01:00:00+00:00,124.977492
2020-08-13 02:00:00+00:00,123.36636000000001
2020-08-13 03:00:00+00:00,122.331571
2020-08-13 04:00:00+00:00,137.569772
2020-08-13 05:00:00+00:00,164.007768
2020-08-13 06:00:00+00:00,187.030206
2020-08-13 07:00:00+00:00,200.677258
2020-08-13 08:00:00+00:00,209.523755
2020-08-13 09:00:00+00:00,217.607905
2020-08-13 10:00:00+00:00,221.97621
2020-08-13 11:00:00+00:00,218.001404
2020-08-13 12:00:00+00:00,214.697773
2020-08-13 13:00:00+00:00,213.87495499999997
2020-08-13 14:00:00+00:00,221.37706
2020-08-13 15:00:00+00:00,237.24565800000002
2020-08-13 16:00:00+00:00,241.5535
2020-08-13 17:00:00+00:00,235.199952
2020-08-13 18:00:00+00:00,231.789469
2020-08-13 19:00:00+00:00,226.40949300000003
2020-08-13 20:00:00+00:00,199.7127
2020-08-13 21:00:00+00:00,169.92400899999996
2020-08-13 22:00:00+00:00,148.29264999999995
2020-08-13 23:00:00+00:00,135.12589599999998
2020-08-14 00:00:00+00:00,128.79728300000002
2020-08-14 01:00:00+00:00,125.79889399999999
2020-08-14 02:00:00+00:00,123.69848700000001
2020-08-14 03:00:00+00:00,121.78304399999999
2020-08-14 04:00:00+00:00,136.766021
2020-08-14 05:00:00+00:00,163.713256
2020-08-14 06:00:00+00:00,187.88023
2020-08-14 07:00:00+00:00,204.213432
2020-08-14 08:00:00+00:00,212.53184199999998
2020-08-14 09:00:00+00:00,220.846312
2020-08-14 10:00:00+00:00,223.25932000000003
2020-08-14 11:00:00+00:00,218.768257
2020-08-14 12:00:00+00:00,214.537149
2020-08-14 13:00:00+00:00,211.61649500000001
2020-08-14 14:00:00+00:00,214.87584700000002
2020-08-14 15:00:00+00:00,225.765777
2020-08-14 16:00:00+00:00,226.24991100000003
2020-08-14 17:00:00+00:00,219.750773
2020-08-14 18:00:00+00:00,214.90952000000001
2020-08-14 19:00:00+00:00,213.955626
2020-08-14 20:00:00+00:00,194.824479
2020-08-14 21:00:00+00:00,173.25353700000002
2020-08-14 22:00:00+00:00,153.874429
2020-08-14 23:00:00+00:00,139.905711
2020-08-15 00:00:00+00:00,131.769238
2020-08-15 01:00:00+00:00,127.63140700000001
2020-08-15 02:00:00+00:00,124.116472
2020-08-15 03:00:00+00:00,118.356673
2020-08-15 04:00:00+00:00,122.104729
2020-08-15 05:00:00+00:00,136.39572199999998
2020-08-15 06:00:00+00:00,160.455627
2020-08-15 07:00:00+00:00,182.559117
2020-08-15 08:00:00+00:00,196.854254
2020-08-15 09:00:00+00:00,205.331456
2020-08-15 10:00:00+00:00,204.961874
2020-08-15 11:00:00+00:00,199.575505
2020-08-15 12:00:00+00:00,195.387628
2020-08-15 13:00:00+00:00,192.929598
2020-08-15 14:00:00+00:00,195.857273
2020-08-15 15:00:00+00:00,206.15395700000002
2020-08-15 16:00:00+00:00,212.123925
2020-08-15 17:00:00+00:00,210.287767
2020-08-15 18:00:00+00:00,208.04447600000003
2020-08-15 19:00:00+00:00,208.575793
2020-08-15 20:00:00+00:00,192.920056
2020-08-15 21:00:00+00:00,172.861478
2020-08-15 22:00:00+00:00,154.86181100000002
2020-08-15 23:00:00+00:00,141.47243799999995
